{"cameraMode":{"drawMode":0,"name":"Shaded","section":"Shading Mode"},"sceneLighting":true,"audioPlay":false,"sceneViewState":{"m_AlwaysRefresh":false,"showFog":true,"showSkybox":true,"showFlares":true,"showImageEffects":true,"showParticleSystems":true,"showVisualEffectGraphs":true,"m_FxEnabled":true},"in2DMode":false,"pivot":{"x":1434.7650146484375,"y":554.4246215820313,"z":541.7304077148438},"rotation":{"x":0.05125929042696953,"y":0.032945964485406879,"z":-0.001691916724666953,"w":0.9981405138969421},"size":967.1253051757813,"orthographic":false}