{"cameraMode":{"drawMode":0,"name":"Shaded","section":"Shading Mode"},"sceneLighting":true,"audioPlay":false,"sceneViewState":{"m_AlwaysRefresh":false,"showFog":true,"showSkybox":true,"showFlares":true,"showImageEffects":true,"showParticleSystems":true,"showVisualEffectGraphs":true,"m_FxEnabled":true},"in2DMode":false,"pivot":{"x":15.93669319152832,"y":6.50969123840332,"z":-35.98069763183594},"rotation":{"x":0.15810060501098634,"y":-0.053293801844120029,"z":0.008543985895812512,"w":0.9859515428543091},"size":2.272095203399658,"orthographic":false}