{"cameraMode":{"drawMode":0,"name":"Shaded","section":"Shading Mode"},"sceneLighting":true,"audioPlay":false,"sceneViewState":{"m_AlwaysRefresh":false,"showFog":true,"showSkybox":true,"showFlares":true,"showImageEffects":true,"showParticleSystems":true,"showVisualEffectGraphs":true,"m_FxEnabled":true},"in2DMode":false,"pivot":{"x":453.63092041015627,"y":225.61448669433595,"z":182.187744140625},"rotation":{"x":0.06443667411804199,"y":-0.023948393762111665,"z":0.00154484948143363,"w":0.9976375699043274},"size":378.3970947265625,"orthographic":false}