{"cameraMode":{"drawMode":0,"name":"Shaded","section":"Shading Mode"},"sceneLighting":true,"audioPlay":false,"sceneViewState":{"m_AlwaysRefresh":false,"showFog":true,"showSkybox":true,"showFlares":true,"showImageEffects":true,"showParticleSystems":true,"showVisualEffectGraphs":true,"m_FxEnabled":true},"in2DMode":false,"pivot":{"x":475.1834411621094,"y":114.50938415527344,"z":646.8782958984375},"rotation":{"x":-0.09583945572376251,"y":0.01701241359114647,"z":-0.001627460471354425,"w":-0.9952672719955444},"size":456.8845520019531,"orthographic":false}