{"cameraMode":{"drawMode":0,"name":"Shaded","section":"Shading Mode"},"sceneLighting":true,"audioPlay":false,"sceneViewState":{"m_AlwaysRefresh":false,"showFog":true,"showSkybox":true,"showFlares":true,"showImageEffects":true,"showParticleSystems":true,"showVisualEffectGraphs":true,"m_FxEnabled":true},"in2DMode":false,"pivot":{"x":1091.2431640625,"y":444.9537353515625,"z":1176.2366943359375},"rotation":{"x":0.07374260574579239,"y":-0.001500534825026989,"z":0.00011097132664872333,"w":0.9972761869430542},"size":1220.7586669921875,"orthographic":false}